GeoID_Name,"Per-Capita Income, with GEOID"
36005000100,4082
36005000200,26306
36005000400,40425
36005001600,31058
36005001901,30965
36005001902,27893
36005001903,N/A
36005001904,N/A
36005002001,12175
36005002002,31319
36005002300,14726
36005002400,N/A
36005002500,11924
36005002701,10312
36005002702,11594
36005002800,31346
36005003100,22223
36005003300,12204
36005003500,15766
36005003700,19405
36005003800,30868
36005003900,16958
36005004001,33726
36005004100,14613
36005004200,23593
36005004300,18660
36005004400,11989
36005004600,15116
36005004800,20561
36005005001,14678
36005005002,15622
36005005100,10116
36005005200,18212
36005005300,9371
36005005400,17986
36005005600,24643
36005005902,30304
36005006000,17029
36005006100,37217
36005006200,13516
36005006301,34993
36005006302,N/A
36005006400,18754
36005006500,13780
36005006700,12286
36005006800,18991
36005006900,23810
36005007000,21623
36005007100,26382
36005007200,20596
36005007300,11366
36005007400,26818
36005007500,17091
36005007600,22690
36005007700,18074
36005007800,25595
36005007900,13309
36005008300,19961
36005008400,30917
36005008500,25971
36005008600,17736
36005008700,18043
36005008900,18834
36005009000,17626
36005009200,24175
36005009301,22244
36005009302,8306
36005009600,22094
36005009800,30298
36005011000,N/A
36005011502,14681
36005011701,12113
36005011702,N/A
36005011800,34622
36005011900,16227
36005012101,23747
36005012102,18619
36005012300,20793
36005012500,21068
36005012701,18361
36005012901,16033
36005013000,40097
36005013100,19606
36005013200,43889
36005013300,22721
36005013500,14572
36005013800,38862
36005014100,20464
36005014300,12609
36005014400,21346
36005014500,25710
36005014701,11275
36005014702,11373
36005014900,15099
36005015100,17643
36005015200,37113
36005015300,20652
36005015500,16769
36005015700,21248
36005015800,31774
36005015900,19613
36005016000,39726
36005016100,16730
36005016200,31502
36005016300,N/A
36005016400,32314
36005016500,15502
36005016600,38006
36005016700,21899
36005016900,18368
36005017100,N/A
36005017300,16638
36005017500,14467
36005017701,15758
36005017702,21693
36005017901,18103
36005017902,18413
36005018101,17719
36005018102,18010
36005018301,31308
36005018302,26633
36005018400,33416
36005018501,25478
36005018502,12033
36005018900,17382
36005019300,14932
36005019400,30019
36005019500,17596
36005019700,14321
36005019900,21932
36005020000,18267
36005020100,20533
36005020200,23567
36005020400,22728
36005020501,13645
36005020502,26003
36005020601,25027
36005020900,19311
36005021001,30924
36005021002,30467
36005021100,15498
36005021200,29472
36005021301,16507
36005021302,13444
36005021501,19433
36005021502,14450
36005021601,22169
36005021602,25699
36005021700,20694
36005021800,25613
36005021900,19647
36005022000,24300
36005022101,14073
36005022102,13896
36005022200,19676
36005022300,14583
36005022401,31621
36005022403,31920
36005022404,31999
36005022500,20197
36005022701,20943
36005022702,17480
36005022703,22329
36005022800,35088
36005022901,20127
36005022902,20495
36005023000,20666
36005023100,13859
36005023200,24151
36005023301,21006
36005023302,14774
36005023501,14441
36005023502,21454
36005023600,22826
36005023702,19029
36005023703,12060
36005023704,16392
36005023800,26167
36005023900,13210
36005024000,27081
36005024100,17238
36005024300,16153
36005024400,30540
36005024501,16265
36005024502,23786
36005024600,31213
36005024700,28166
36005024800,28958
36005024900,N/A
36005025000,35388
36005025100,22356
36005025200,32675
36005025300,16792
36005025400,37018
36005025500,14569
36005025600,29062
36005025700,23296
36005026100,40758
36005026300,19280
36005026400,32421
36005026500,19049
36005026601,27922
36005026602,26493
36005026701,20797
36005026702,22378
36005026900,21667
36005027300,24482
36005027401,41216
36005027402,43057
36005027600,8675
36005027700,20754
36005027900,28912
36005028100,38754
36005028300,17622
36005028400,11120
36005028500,34683
36005028600,44883
36005028700,30760
36005028800,38803
36005028900,32049
36005029301,91933
36005029302,79612
36005029500,53548
36005029600,35576
36005029700,56039
36005030000,35361
36005030100,51581
36005030201,32953
36005030202,31344
36005030701,72956
36005030900,58344
36005031000,36424
36005031200,38637
36005031400,31787
36005031600,39180
36005031800,39043
36005031900,2293
36005032300,64272
36005032400,18384
36005032600,33749
36005032800,21628
36005033000,19180
36005033201,27446
36005033202,27211
36005033400,22587
36005033500,53875
36005033601,20724
36005033602,25483
36005033700,59866
36005033801,27725
36005033802,20975
36005034000,25049
36005034200,34530
36005034300,37824
36005034400,27808
36005034500,45964
36005034800,22867
36005035000,32496
36005035100,46038
36005035600,39022
36005035800,33291
36005035900,14594
36005036000,30076
36005036100,14618
36005036300,16264
36005036400,28896
36005036501,17791
36005036502,16876
36005036700,21618
36005036800,23001
36005036901,12840
36005036902,13663
36005037000,29210
36005037100,29177
36005037200,25882
36005037300,16680
36005037400,18452
36005037504,14822
36005037600,25507
36005037800,23034
36005037900,15778
36005038000,25852
36005038100,18295
36005038200,26375
36005038301,19978
36005038303,15452
36005038304,10381
36005038500,17600
36005038600,23125
36005038700,21405
36005038800,27933
36005038900,15272
36005039000,25333
36005039100,24435
36005039200,30632
36005039300,15257
36005039400,23323
36005039500,18712
36005039600,21163
36005039700,7689
36005039800,26262
36005039901,14904
36005039902,16362
36005040100,14471
36005040302,13812
36005040303,17783
36005040304,17168
36005040400,33302
36005040501,20115
36005040502,18723
36005040600,21257
36005040701,20462
36005040702,18594
36005040800,18390
36005040900,34391
36005041100,21591
36005041300,24875
36005041400,30075
36005041500,22891
36005041800,25164
36005041900,25070
36005042000,19735
36005042100,22195
36005042200,31747
36005042300,20394
36005042400,29432
36005042500,18854
36005042600,35989
36005042800,31927
36005042901,23207
36005042902,22669
36005043000,26762
36005043101,19158
36005043102,17654
36005043400,37115
36005043501,14169
36005043502,N/A
36005043503,N/A
36005043600,25510
36005044200,18709
36005044400,31531
36005044800,37566
36005044901,52274
36005044902,47917
36005045101,51559
36005045102,46106
36005045600,47859
36005045800,16067
36005046000,21081
36005046203,27237
36005046204,28657
36005046205,38697
36005046206,34630
36005046207,34834
36005046208,24401
36005046209,19047
36005048401,33019
36005048402,N/A
36005050400,N/A
36005051601,57509
36005051602,N/A
36047000100,159280
36047000200,25747
36047000301,149451
36047000501,80010
36047000502,107968
36047000700,118922
36047000900,133081
36047001100,100093
36047001300,87493
36047001501,54264
36047001502,82974
36047001801,295
36047001802,N/A
36047001803,N/A
36047001804,N/A
36047002000,22547
36047002100,127833
36047002200,23706
36047002300,12081
36047002901,13702
36047003000,41548
36047003101,71609
36047003102,N/A
36047003300,82151
36047003400,46510
36047003500,97395
36047003600,48814
36047003700,125691
36047003800,68368
36047003900,75542
36047004100,101768
36047004300,106251
36047004400,66430
36047004500,92162
36047004600,64076
36047004700,74740
36047004900,82601
36047005000,64153
36047005100,85108
36047005201,94662
36047005202,69845
36047005301,63945
36047005302,43841
36047005303,N/A
36047005400,66564
36047005601,55657
36047005602,55460
36047005800,43776
36047005900,69248
36047006000,39886
36047006200,44953
36047006300,81049
36047006400,40598
36047006500,92493
36047006600,46688
36047006700,114649
36047006800,32996
36047006901,76121
36047006902,113527
36047007000,56659
36047007100,40056
36047007200,22248
36047007400,22835
36047007500,90038
36047007600,24128
36047007700,105646
36047007800,22548
36047008000,31839
36047008200,35437
36047008400,30224
36047008500,12673
36047008600,N/A
36047008800,34651
36047009001,21804
36047009002,25976
36047009201,28882
36047009202,21440
36047009401,17291
36047009402,24595
36047009600,26735
36047009800,19099
36047010000,20729
36047010100,50420
36047010200,21583
36047010401,18993
36047010402,16092
36047010601,20384
36047010602,18154
36047010801,22175
36047010802,20175
36047011000,18427
36047011200,18326
36047011400,18055
36047011600,14575
36047011700,55545
36047011800,26608
36047011901,78492
36047011902,N/A
36047012000,15742
36047012100,64589
36047012200,21638
36047012600,24582
36047012700,54305
36047012801,30478
36047012901,98828
36047012902,81225
36047013000,33321
36047013100,97692
36047013200,27978
36047013300,117724
36047013400,37893
36047013500,89964
36047013600,53172
36047013700,80902
36047013800,32743
36047013900,78878
36047014000,37147
36047014101,65426
36047014102,66506
36047014200,32146
36047014300,81857
36047014500,64257
36047014700,48955
36047014800,48724
36047014901,78180
36047014902,65309
36047015000,34958
36047015100,92859
36047015200,45236
36047015300,87559
36047015400,N/A
36047015500,103091
36047015700,99564
36047015900,112922
36047016000,34414
36047016100,96922
36047016200,53876
36047016300,86822
36047016400,34259
36047016500,124112
36047016600,53218
36047016700,93248
36047016800,40648
36047016900,75860
36047017000,36392
36047017100,81314
36047017200,44455
36047017400,40125
36047017500,N/A
36047017600,44333
36047017700,N/A
36047017800,29606
36047017900,44983
36047018000,31783
36047018100,92192
36047018200,28475
36047018300,98374
36047018400,37189
36047018501,31373
36047018600,36873
36047018700,63061
36047018800,34002
36047019000,30798
36047019100,61514
36047019200,17128
36047019300,45155
36047019400,21948
36047019500,59961
36047019600,27762
36047019700,86846
36047019800,36292
36047019900,93279
36047020000,28459
36047020100,75776
36047020200,35827
36047020300,75086
36047020400,70617
36047020500,77787
36047020600,39016
36047020700,87338
36047020800,30870
36047021000,23184
36047021100,42745
36047021200,28869
36047021300,39735
36047021400,21902
36047021500,60580
36047021600,16401
36047021700,52870
36047021800,18886
36047021900,63078
36047022000,18318
36047022100,43374
36047022200,15917
36047022400,14337
36047022600,19750
36047022700,62249
36047022800,17497
36047022900,60255
36047023000,13924
36047023100,70208
36047023200,15255
36047023300,43389
36047023400,12269
36047023500,26084
36047023600,10731
36047023800,15596
36047024000,13184
36047024100,41769
36047024200,26705
36047024300,49764
36047024400,19876
36047024500,54373
36047024600,25724
36047024700,48620
36047024800,26529
36047024900,49526
36047025000,21749
36047025100,41873
36047025200,21972
36047025300,39363
36047025400,29405
36047025500,17559
36047025600,23545
36047025700,45733
36047025800,22130
36047025901,37983
36047025902,9955
36047026000,26985
36047026100,34976
36047026200,28594
36047026300,37340
36047026400,25050
36047026500,50491
36047026600,20376
36047026700,52452
36047026800,27807
36047026900,53477
36047027000,22560
36047027100,38929
36047027200,45050
36047027300,34583
36047027400,22112
36047027500,43317
36047027600,23592
36047027700,32753
36047027800,29254
36047027900,42188
36047028000,32708
36047028100,22978
36047028200,32172
36047028300,23057
36047028400,25138
36047028501,30523
36047028502,22184
36047028600,19893
36047028700,41721
36047028800,25879
36047028900,28582
36047029000,25919
36047029100,44862
36047029200,25358
36047029300,41710
36047029400,25530
36047029500,57222
36047029600,24369
36047029700,48318
36047029800,21982
36047029900,25849
36047030000,26920
36047030100,34920
36047030200,29601
36047030300,23557
36047030400,26646
36047030500,55824
36047030600,26301
36047030700,21176
36047030800,33655
36047030900,40177
36047031100,31115
36047031300,48284
36047031401,36793
36047031402,N/A
36047031500,49400
36047031701,48488
36047031702,55357
36047031900,48671
36047032100,37487
36047032300,37477
36047032500,31448
36047032600,19812
36047032700,54211
36047032800,18689
36047032900,31605
36047033000,13955
36047033100,25851
36047033300,26092
36047033500,42545
36047033600,39169
36047033701,32112
36047033702,24056
36047033900,36558
36047034000,12141
36047034100,43178
36047034200,14896
36047034300,24234
36047034500,34646
36047034700,28575
36047034800,20143
36047034901,22437
36047034902,25905
36047035000,31815
36047035101,17510
36047035102,27766
36047035200,15809
36047035301,23780
36047035302,31986
36047035400,44680
36047035500,27744
36047035601,25428
36047035602,33816
36047035701,22873
36047035702,N/A
36047035900,28290
36047036001,31405
36047036002,25479
36047036100,15568
36047036200,26631
36047036300,19663
36047036400,25563
36047036501,22115
36047036502,17975
36047036600,21197
36047036700,24714
36047036900,21652
36047037000,34938
36047037100,29547
36047037300,36084
36047037401,31254
36047037402,30094
36047037500,59201
36047037700,45259
36047037900,31398
36047038100,32006
36047038200,13158
36047038300,41557
36047038500,42430
36047038600,27943
36047038700,35047
36047038800,31493
36047038900,36120
36047039000,31941
36047039100,44713
36047039200,34338
36047039300,33772
36047039400,42900
36047039500,32143
36047039600,37279
36047039700,36877
36047039800,25492
36047039900,31302
36047040000,26647
36047040100,36294
36047040200,27186
36047040300,32713
36047040400,35945
36047040500,26409
36047040600,26635
36047040700,N/A
36047040800,36012
36047040900,23010
36047041000,28386
36047041100,25071
36047041200,33574
36047041300,31494
36047041401,29984
36047041402,37906
36047041500,32811
36047041600,30626
36047041700,26575
36047041800,31653
36047041900,22803
36047042000,22637
36047042100,34519
36047042200,31102
36047042300,34436
36047042400,25929
36047042500,34529
36047042600,31295
36047042700,39422
36047042800,45100
36047042900,30629
36047043000,21408
36047043100,33328
36047043200,28310
36047043300,18117
36047043400,23930
36047043500,29730
36047043600,24553
36047043700,27485
36047043800,33311
36047043900,30467
36047044000,29399
36047044100,26131
36047044200,43939
36047044300,46593
36047044400,20819
36047044500,34362
36047044600,25899
36047044700,31186
36047044800,38302
36047044901,23401
36047044902,N/A
36047045000,23550
36047045200,31248
36047045300,25471
36047045400,32679
36047045600,33183
36047045800,51158
36047046000,37165
36047046201,33620
36047046202,42946
36047046400,17759
36047046800,16296
36047047000,32282
36047047200,20476
36047047400,19627
36047047600,23162
36047047700,82901
36047047800,20234
36047048000,19262
36047048100,42960
36047048200,30402
36047048400,22295
36047048500,49448
36047048600,16301
36047048800,34137
36047048900,15756
36047049000,30745
36047049100,24925
36047049200,52776
36047049301,11624
36047049302,31422
36047049400,45022
36047049500,59288
36047049600,32472
36047049700,67873
36047049800,40776
36047049900,62089
36047050001,50660
36047050002,49232
36047050100,61327
36047050202,65343
36047050300,64921
36047050401,58115
36047050402,78145
36047050500,36906
36047050600,32978
36047050700,14017
36047050801,31621
36047050803,35445
36047050804,42395
36047050900,13126
36047051001,24258
36047051002,29388
36047051100,45559
36047051200,32255
36047051300,61350
36047051400,37780
36047051500,78889
36047051601,26937
36047051602,29380
36047051700,95165
36047051800,49453
36047051900,143203
36047052000,51291
36047052300,50912
36047052500,19974
36047052600,40146
36047052700,32008
36047052800,60439
36047052900,15730
36047053000,23873
36047053101,14554
36047053102,14750
36047053200,34831
36047053300,15929
36047053400,22849
36047053500,11995
36047053700,11525
36047053800,30266
36047053900,13213
36047054200,28377
36047054300,N/A
36047054400,28928
36047054500,12734
36047054600,26790
36047054700,37777
36047054800,39228
36047054900,68189
36047055000,32252
36047055100,80321
36047055200,40592
36047055300,68741
36047055400,33153
36047055500,110016
36047055600,29237
36047055700,91269
36047055800,37009
36047056000,37825
36047056100,74980
36047056200,44448
36047056301,60503
36047056302,48385
36047056400,41984
36047056500,69916
36047056600,33566
36047056800,38066
36047056900,73076
36047057000,38318
36047057100,70143
36047057200,14780
36047057300,65320
36047057400,38682
36047057500,68941
36047057600,42599
36047057800,34051
36047057901,49902
36047057902,N/A
36047058000,24542
36047058200,34905
36047058400,35740
36047058600,33170
36047058800,43702
36047058901,52105
36047058902,N/A
36047059000,30927
36047059100,61552
36047059200,31515
36047059300,44441
36047059402,44077
36047059403,31787
36047059404,38980
36047059600,40016
36047059800,35903
36047060000,47710
36047060600,46911
36047060800,46583
36047061002,53335
36047061003,22510
36047061004,25951
36047061200,76616
36047061600,62814
36047062000,50687
36047062200,38713
36047062600,31922
36047062800,39538
36047063200,39242
36047063600,44124
36047063800,41008
36047064000,50522
36047064200,30124
36047064400,37865
36047064600,38634
36047064800,36384
36047065000,32812
36047065200,50801
36047065400,44378
36047065600,55709
36047065800,40530
36047066000,50103
36047066200,51890
36047066600,N/A
36047067000,38493
36047067200,32359
36047067400,40863
36047067600,35561
36047067800,30051
36047068000,31760
36047068200,40311
36047068600,41634
36047068800,40624
36047069000,39145
36047069200,42491
36047069601,43906
36047069602,46376
36047069800,40835
36047070000,46407
36047070201,82213
36047070202,88380
36047070203,N/A
36047070601,50527
36047070602,N/A
36047072000,28072
36047072200,26465
36047072400,37879
36047072600,29698
36047072800,38210
36047073000,39023
36047073200,32308
36047073400,37293
36047073600,30492
36047073800,22742
36047074000,27139
36047074200,28072
36047074400,36128
36047074600,32096
36047074800,49627
36047075000,36205
36047075200,63546
36047075400,49754
36047075600,49879
36047075800,43219
36047076000,34221
36047076200,34954
36047076400,36337
36047076600,31543
36047076800,27788
36047077000,53799
36047077200,41364
36047077400,31650
36047077600,44385
36047078000,33261
36047078200,34458
36047078400,39288
36047078601,37127
36047078602,27171
36047078801,26334
36047078802,28147
36047079001,25256
36047079002,30655
36047079201,44148
36047079202,27960
36047079400,27799
36047079601,43310
36047079602,33301
36047079801,51040
36047079802,54678
36047080000,47717
36047080200,48522
36047080400,39450
36047080600,33621
36047080800,12062
36047081000,31125
36047081400,32739
36047081600,29369
36047081800,34298
36047082000,31623
36047082200,32929
36047082400,28120
36047082600,31085
36047082800,38484
36047083000,32023
36047083200,34214
36047083400,34032
36047083600,30224
36047083800,35547
36047084000,27931
36047084600,31292
36047084800,35165
36047085000,28779
36047085200,25763
36047085400,35305
36047085600,33441
36047085800,30824
36047086000,42180
36047086200,30194
36047086400,28779
36047086600,28387
36047086800,22983
36047087000,31215
36047087200,27586
36047087401,28627
36047087600,27482
36047087800,27807
36047088001,24590
36047088002,38556
36047088200,20714
36047088400,21842
36047088600,22414
36047088800,25655
36047089000,22929
36047089200,18842
36047089400,22196
36047089600,22429
36047089800,28413
36047090000,18998
36047090200,24667
36047090600,16958
36047090800,12662
36047091000,15925
36047091200,17278
36047091600,15922
36047091800,30811
36047092000,19652
36047092200,27876
36047092400,15045
36047092800,41554
36047093000,36058
36047093200,28382
36047093400,38597
36047093600,32791
36047093800,33828
36047094401,40987
36047094402,15985
36047094600,38314
36047095000,36422
36047095400,42102
36047095600,33518
36047095800,32127
36047096000,N/A
36047096200,28858
36047096400,31714
36047096600,25630
36047096800,31231
36047097000,31051
36047097400,27939
36047098200,16669
36047098400,33197
36047098600,31617
36047098800,30554
36047099000,31373
36047099200,29273
36047099400,31934
36047099600,30874
36047099800,32214
36047100400,30778
36047100600,32788
36047100800,33750
36047101000,32263
36047101200,35745
36047101400,36847
36047101600,38945
36047101800,46081
36047102000,42037
36047102200,32012
36047102400,30610
36047102600,36846
36047102801,41191
36047102802,N/A
36047103401,11925
36047103402,N/A
36047105801,21006
36047105804,30240
36047107001,27810
36047107002,N/A
36047107003,N/A
36047107800,34723
36047109800,21683
36047110400,20672
36047110600,14454
36047111000,15060
36047111600,24795
36047111800,24122
36047112000,25082
36047112200,17228
36047112400,22474
36047112600,25639
36047112800,26488
36047113000,24523
36047113200,23469
36047113400,16492
36047114201,29697
36047114202,22232
36047114400,23223
36047114600,25690
36047115000,21913
36047115200,19968
36047115600,14578
36047115800,22622
36047116000,19115
36047116200,24569
36047116400,22841
36047116600,28376
36047116800,27301
36047117000,16367
36047117201,27064
36047117202,29530
36047117400,20621
36047117601,28626
36047117602,23946
36047117800,16901
36047118000,N/A
36047118201,28148
36047118202,24667
36047118400,37555
36047118600,22199
36047118800,25373
36047119000,21661
36047119200,22946
36047119400,18913
36047119600,20433
36047119800,22418
36047120000,19695
36047120200,22946
36047120801,29631
36047120802,14956
36047120803,24549
36047121000,10858
36047121400,11080
36047122000,26846
36047123700,10967
36047150200,54154
36047152200,168639
36047990100,N/A
36061000100,N/A
36061000201,15451
36061000202,32807
36061000500,N/A
36061000600,20384
36061000700,123192
36061000800,26968
36061000900,137740
36061001001,67513
36061001002,15271
36061001200,60432
36061001300,123558
36061001401,73745
36061001402,51484
36061001501,80703
36061001502,105233
36061001600,45396
36061001800,43288
36061002000,21187
36061002100,177315
36061002201,27782
36061002202,69267
36061002400,11437
36061002500,15267
36061002601,29334
36061002602,73113
36061002700,52255
36061002800,68130
36061002901,2018
36061002902,28120
36061003001,68977
36061003002,63435
36061003100,73686
36061003200,76736
36061003300,208525
36061003400,64822
36061003601,50357
36061003602,80492
36061003700,236017
36061003800,80453
36061003900,216267
36061004001,83670
36061004002,91332
36061004100,65099
36061004200,67759
36061004300,122135
36061004400,82360
36061004500,100685
36061004700,124764
36061004800,90807
36061004900,150783
36061005000,146617
36061005200,134372
36061005400,152543
36061005501,92345
36061005502,130337
36061005600,170370
36061005700,145651
36061005800,186190
36061005900,124415
36061006000,124575
36061006100,165209
36061006200,43787
36061006300,145396
36061006400,90225
36061006500,81232
36061006600,90303
36061006700,123706
36061006800,100293
36061006900,168090
36061007001,82676
36061007002,86262
36061007100,139761
36061007200,129400
36061007300,139793
36061007400,147959
36061007500,125897
36061007600,105331
36061007700,142622
36061007800,102005
36061007900,146967
36061008000,131365
36061008100,127853
36061008200,138317
36061008300,75266
36061008400,157022
36061008601,112009
36061008602,N/A
36061008603,173810
36061008700,133493
36061008800,102510
36061008900,100178
36061009000,130853
36061009100,140633
36061009200,133615
36061009300,81902
36061009400,86269
36061009500,107721
36061009600,162308
36061009700,61502
36061009800,120166
36061009901,243377
36061009902,136108
36061009903,101989
36061010000,102998
36061010100,97696
36061010200,83891
36061010300,105443
36061010400,153944
36061010601,229033
36061010602,114562
36061010801,131008
36061010802,101153
36061010803,183026
36061010900,82743
36061011000,109641
36061011100,92928
36061011201,180681
36061011202,260489
36061011203,158249
36061011300,38039
36061011401,285751
36061011402,182111
36061011500,102990
36061011600,78414
36061011700,113867
36061011800,145358
36061011900,21718
36061012000,175747
36061012101,55427
36061012102,54087
36061012200,190289
36061012400,94286
36061012500,160985
36061012601,95986
36061012602,145485
36061012700,102520
36061012800,146201
36061012901,87619
36061012902,80294
36061013000,182483
36061013100,103208
36061013201,66661
36061013202,65744
36061013203,72069
36061013300,110636
36061013400,119580
36061013501,68091
36061013502,97243
36061013601,165076
36061013602,120718
36061013603,95255
36061013604,112680
36061013700,194259
36061013800,114421
36061013900,92007
36061014000,209247
36061014200,189559
36061014300,N/A
36061014401,150420
36061014402,105588
36061014500,147363
36061014601,114998
36061014602,100823
36061014700,131461
36061014801,130657
36061014802,116284
36061014900,131083
36061015001,156501
36061015002,184337
36061015101,17680
36061015102,123812
36061015200,87882
36061015301,128071
36061015302,131805
36061015401,139363
36061015402,76572
36061015403,73131
36061015501,172394
36061015502,111507
36061015601,74155
36061015602,82722
36061015700,133534
36061015801,127921
36061015802,58259
36061015900,123084
36061016001,258443
36061016002,93963
36061016100,127601
36061016200,27257
36061016300,143377
36061016400,23323
36061016500,141416
36061016600,40877
36061016700,150821
36061016800,33210
36061016900,133786
36061017000,27374
36061017100,136588
36061017200,26740
36061017300,118462
36061017401,43912
36061017402,45076
36061017500,130799
36061017700,97723
36061017800,38705
36061017900,126430
36061018000,31424
36061018100,120142
36061018200,22913
36061018300,101559
36061018400,28197
36061018500,94436
36061018600,21045
36061018700,93271
36061018800,37381
36061018900,29746
36061019000,61953
36061019100,106581
36061019200,13029
36061019300,51300
36061019400,22714
36061019500,84402
36061019600,27296
36061019701,52961
36061019702,47785
36061019800,72050
36061019900,62801
36061020000,56939
36061020101,48198
36061020102,58443
36061020300,18178
36061020500,61222
36061020600,31548
36061020701,44250
36061020800,59229
36061020901,19102
36061021000,27226
36061021100,49319
36061021200,51893
36061021303,33043
36061021400,51934
36061021500,37912
36061021600,40418
36061021703,N/A
36061021800,47773
36061021900,13623
36061022000,60874
36061022102,72367
36061022200,48152
36061022301,33262
36061022302,26706
36061022400,24533
36061022500,35606
36061022600,37670
36061022700,42115
36061022800,59814
36061022900,26577
36061023000,29311
36061023100,39110
36061023200,18404
36061023300,38407
36061023400,40969
36061023501,35414
36061023502,33026
36061023600,27117
36061023700,26591
36061023802,42787
36061023803,74050
36061023804,108438
36061023900,27236
36061024000,7476
36061024100,34894
36061024200,19522
36061024301,34067
36061024302,16092
36061024500,26104
36061024700,45397
36061024900,41485
36061025100,17965
36061025300,26308
36061025500,92339
36061025700,56745
36061025900,52827
36061026100,19908
36061026300,25084
36061026500,39286
36061026700,27799
36061026900,22036
36061027100,31947
36061027300,59485
36061027500,202961
36061027700,19362
36061027900,32734
36061028100,68217
36061028300,29127
36061028500,22055
36061028700,32303
36061029100,27972
36061029300,22184
36061029500,41256
36061029700,1924
36061029900,19646
36061030300,43890
36061030700,60160
36061030900,19336
36061031100,N/A
36061031703,180412
36061031704,140856
36061031900,N/A
36081000101,76040
36081000102,92922
36081000103,N/A
36081000104,9727
36081000200,29452
36081000400,23592
36081000600,24200
36081000701,84546
36081000702,66383
36081000800,28045
36081001000,30383
36081001200,32840
36081001400,42564
36081001600,34517
36081001800,29798
36081001901,90669
36081001902,99027
36081001903,94271
36081002000,26890
36081002200,28543
36081002400,20742
36081002500,20792
36081002600,38132
36081002800,29393
36081003000,28269
36081003100,50958
36081003200,29225
36081003301,82757
36081003302,25024
36081003400,29803
36081003600,26587
36081003700,N/A
36081003800,33457
36081003900,25015
36081004001,34174
36081004002,17944
36081004200,27277
36081004300,15064
36081004401,28154
36081004500,52703
36081004700,30560
36081005000,N/A
36081005100,36828
36081005200,105728
36081005300,48592
36081005400,29563
36081005500,55373
36081005700,40934
36081005800,29756
36081005900,48738
36081006100,54328
36081006201,47315
36081006202,30469
36081006300,86990
36081006501,53741
36081006502,47957
36081006900,60927
36081007100,60602
36081007300,62453
36081007500,75000
36081007700,49097
36081007900,46544
36081008100,66323
36081008300,42911
36081008500,27784
36081008600,29034
36081008700,18508
36081008800,33275
36081009100,58811
36081009400,22668
36081009500,47022
36081009600,32560
36081009700,60187
36081009800,26699
36081009900,N/A
36081010000,35452
36081010100,46463
36081010200,30393
36081010300,40804
36081010400,26806
36081010500,31519
36081010600,24673
36081010701,N/A
36081010800,26379
36081011000,26021
36081011100,42868
36081011200,29183
36081011300,53362
36081011400,26537
36081011500,55258
36081011600,24340
36081011700,54480
36081011800,29958
36081011900,38985
36081012000,24613
36081012100,51155
36081012200,28665
36081012301,54886
36081012400,25942
36081012500,46482
36081012601,26791
36081012602,27927
36081012800,36287
36081013000,40225
36081013200,80068
36081013400,46476
36081013500,52585
36081013600,56435
36081013700,59047
36081013800,34643
36081014000,42884
36081014100,48145
36081014201,27378
36081014202,24156
36081014300,38736
36081014400,23821
36081014500,35968
36081014700,46411
36081014800,27158
36081014900,35642
36081015000,30680
36081015100,48546
36081015200,30796
36081015300,45242
36081015400,27772
36081015500,53086
36081015600,28781
36081015700,37526
36081015801,30639
36081015802,29582
36081015900,44087
36081016100,34976
36081016300,24200
36081016400,30540
36081016600,25040
36081016800,30505
36081016900,43734
36081017000,27972
36081017101,N/A
36081017102,18394
36081017200,26532
36081017400,30591
36081017600,24192
36081017800,26978
36081017901,33561
36081017902,N/A
36081018000,26171
36081018101,37620
36081018102,48901
36081018200,25724
36081018300,42629
36081018401,28259
36081018402,27064
36081018501,44640
36081018502,54674
36081018600,28349
36081018700,34013
36081018800,30212
36081018900,33182
36081019000,31311
36081019200,31290
36081019400,35625
36081019600,25219
36081019800,30231
36081019901,20288
36081019902,N/A
36081019903,N/A
36081020200,32037
36081020400,23992
36081020500,26605
36081020600,22857
36081020800,29317
36081021200,27504
36081021400,24357
36081021601,63587
36081021602,23514
36081021603,N/A
36081021900,N/A
36081022001,37723
36081022002,46517
36081022900,N/A
36081023000,40532
36081023200,35681
36081023501,32708
36081023502,27219
36081023600,21683
36081023800,22942
36081024000,21936
36081024300,35476
36081024500,30864
36081024600,N/A
36081024700,27713
36081024900,29448
36081025100,44298
36081025301,37056
36081025302,32486
36081025401,20619
36081025402,16816
36081025500,37593
36081025700,30491
36081025800,23801
36081025900,32731
36081026000,20864
36081026100,24679
36081026200,25266
36081026300,79981
36081026400,29138
36081026501,30300
36081026502,28754
36081026600,24575
36081026700,29395
36081026901,23077
36081026902,31236
36081027000,26865
36081027101,27336
36081027102,27521
36081027200,24987
36081027301,20665
36081027302,21824
36081027400,21971
36081027500,24795
36081027600,27081
36081027701,29346
36081027702,33755
36081027800,24270
36081027900,31802
36081028000,27010
36081028100,37917
36081028200,22197
36081028300,35154
36081028400,33196
36081028500,45891
36081028700,42731
36081028801,45868
36081028802,27771
36081028803,N/A
36081028900,41307
36081029100,30693
36081029300,25546
36081029400,31157
36081029500,42104
36081029700,36019
36081029900,N/A
36081030600,33407
36081030903,34082
36081030904,28358
36081030905,32192
36081030906,32609
36081031700,37128
36081032000,23932
36081032700,22993
36081032800,33663
36081032900,25397
36081033000,32718
36081033100,N/A
36081033401,37451
36081033403,27269
36081033404,29014
36081033405,48380
36081033700,40654
36081033900,32833
36081034700,26543
36081035100,32241
36081035200,31527
36081035300,27474
36081035700,24106
36081035800,35812
36081036100,26140
36081036300,25077
36081036500,19167
36081036600,33413
36081036700,24030
36081036800,40152
36081037100,30567
36081037300,20459
36081037501,18017
36081037502,22338
36081037600,37475
36081037700,18820
36081037900,19439
36081038100,22235
36081038301,N/A
36081038302,N/A
36081038400,33227
36081039400,34468
36081039800,38273
36081039901,21788
36081039902,15096
36081040000,35168
36081040101,22882
36081040102,20953
36081040200,39287
36081040301,17769
36081040302,22750
36081040400,32491
36081040501,22885
36081040502,24543
36081040701,20520
36081040702,21889
36081040901,18033
36081040902,17906
36081041100,20025
36081041300,18565
36081041400,29410
36081041500,26175
36081042400,40665
36081042600,19143
36081042700,21306
36081043200,36214
36081043400,30497
36081043701,20167
36081043702,26535
36081043900,24099
36081044000,23918
36081044301,18239
36081044302,26154
36081044400,23248
36081044601,25991
36081044602,16472
36081044800,25748
36081045000,38453
36081045200,17643
36081045400,23336
36081045500,26830
36081045600,26205
36081045700,26528
36081045800,41211
36081045900,27423
36081046000,27566
36081046100,23003
36081046200,22621
36081046300,20041
36081046400,36953
36081046500,19596
36081046600,23942
36081046700,22109
36081046800,29085
36081046901,19569
36081046902,23105
36081047000,24773
36081047100,22863
36081047200,45708
36081047300,31135
36081047500,33335
36081047600,60521
36081047801,35511
36081047802,30676
36081047900,26042
36081048000,28550
36081048100,23011
36081048200,31988
36081048301,35036
36081048302,32154
36081048400,33516
36081048500,28834
36081048900,25046
36081049201,32409
36081049202,26405
36081049301,32838
36081049302,29796
36081049500,36842
36081049600,30241
36081049700,35909
36081049900,26550
36081050000,28819
36081050201,27876
36081050202,29803
36081050400,36242
36081050500,34529
36081050600,40939
36081050700,40629
36081050800,29647
36081051000,25874
36081051100,38477
36081051200,32279
36081051300,35409
36081051500,39503
36081051600,30661
36081051700,41963
36081051800,34304
36081052000,27895
36081052100,48166
36081052200,26030
36081052400,32376
36081052500,30623
36081052600,34380
36081052800,34527
36081053000,32666
36081053100,33835
36081053200,29253
36081053401,35712
36081053501,31732
36081053502,N/A
36081053601,32910
36081053800,31823
36081053901,36033
36081053902,52361
36081054000,30215
36081054200,29179
36081054500,28104
36081054700,34128
36081054800,31515
36081054900,26787
36081055100,31125
36081055200,34343
36081055300,36941
36081055400,28030
36081055500,29065
36081055600,35425
36081055700,30576
36081055800,40931
36081055900,30209
36081056000,28331
36081056100,39525
36081056200,33655
36081056400,41426
36081056500,37325
36081056600,27476
36081056700,42707
36081056800,35526
36081057700,39007
36081057900,31628
36081058000,33877
36081058100,32420
36081058200,35118
36081058300,37054
36081058500,32525
36081058700,43995
36081058900,33966
36081059000,39914
36081059100,34251
36081059200,49776
36081059300,30555
36081059400,44187
36081059501,37415
36081059502,22789
36081059600,32013
36081059800,35044
36081059900,43426
36081060000,36244
36081060100,34246
36081060300,47539
36081060600,34974
36081060701,N/A
36081060800,40173
36081061000,42814
36081061200,37157
36081061301,28028
36081061302,N/A
36081061400,42925
36081061601,36533
36081061602,40614
36081061800,40208
36081061900,34154
36081062000,42734
36081062100,35569
36081062200,46283
36081062300,36183
36081062400,N/A
36081062500,35469
36081062600,36055
36081062700,34409
36081062900,33049
36081063000,48016
36081063200,35809
36081063301,34279
36081063302,40226
36081063500,32551
36081063700,35676
36081063800,42022
36081063900,35653
36081064101,38425
36081064102,N/A
36081064500,42448
36081064600,37484
36081065000,48129
36081065401,31433
36081065402,N/A
36081065501,N/A
36081065600,37610
36081065702,41364
36081065703,36308
36081065900,41641
36081066000,30651
36081066100,46037
36081066301,49232
36081066302,N/A
36081066401,30649
36081066402,43808
36081066403,32518
36081066404,N/A
36081066501,39549
36081066701,36411
36081066900,41725
36081067100,49248
36081067700,49253
36081067900,35481
36081068000,38965
36081068200,34994
36081068300,34071
36081068700,33756
36081069000,31919
36081069300,34921
36081069400,36797
36081069500,44996
36081069701,39658
36081069702,47031
36081070300,63883
36081070700,56003
36081070900,49610
36081071100,57159
36081071303,48652
36081071304,49595
36081071305,56973
36081071306,42713
36081071600,N/A
36081071701,40977
36081071702,46235
36081071900,28165
36081072100,46124
36081072300,141361
36081072900,62021
36081073100,66460
36081073700,60877
36081073900,66796
36081074100,55898
36081074300,43032
36081074500,32894
36081074700,43702
36081074900,101238
36081075701,72942
36081075702,62027
36081076901,69340
36081076902,55775
36081077300,64080
36081077500,58173
36081077902,45772
36081077903,36938
36081077904,37679
36081077905,46250
36081077906,31573
36081077907,22661
36081077908,25514
36081078800,34949
36081079000,31360
36081079200,38083
36081079300,N/A
36081079701,24994
36081079702,24075
36081079900,22808
36081080301,23776
36081080302,29658
36081080900,33313
36081081400,29075
36081081800,29949
36081083700,28977
36081083800,28919
36081084000,31774
36081084500,24174
36081084601,34024
36081084602,23334
36081084901,23796
36081084902,20994
36081085300,30899
36081085500,22585
36081085700,28672
36081085900,29239
36081086100,22149
36081086300,24038
36081086400,29082
36081086500,36238
36081086900,32810
36081087100,34026
36081088400,44776
36081088902,26328
36081088903,28459
36081089201,50370
36081089202,N/A
36081090700,25059
36081091602,N/A
36081091603,55655
36081091604,N/A
36081091800,34546
36081091900,26183
36081092200,74373
36081092500,21626
36081092800,54813
36081092900,28271
36081093401,44195
36081093402,44653
36081093800,28777
36081093900,33968
36081094201,37181
36081094202,26602
36081094203,34479
36081094500,37936
36081094700,26804
36081095400,30483
36081096400,32447
36081097202,13557
36081097204,23149
36081097205,12231
36081097206,38079
36081097207,N/A
36081097300,53839
36081098100,43175
36081098700,51539
36081099100,55336
36081099200,21116
36081099701,48181
36081099703,60328
36081099704,56979
36081099705,55000
36081099801,30892
36081099802,34349
36081099900,N/A
36081100801,36552
36081100803,21249
36081100804,37993
36081101002,32369
36081101003,22248
36081101004,22686
36081101700,36225
36081102900,37485
36081103201,15142
36081103202,25828
36081103300,38306
36081103900,31882
36081104700,33704
36081105900,50142
36081107201,43778
36081107202,N/A
36081108500,38930
36081109300,54687
36081109700,56590
36081109900,41826
36081111300,44448
36081112300,43682
36081112900,56367
36081113300,47740
36081113900,36328
36081114100,52333
36081114700,38585
36081115100,43561
36081115500,31137
36081115700,27997
36081115900,34613
36081116100,20042
36081116301,20748
36081116302,25422
36081116700,23601
36081117100,29929
36081117500,37499
36081118100,38266
36081118500,22721
36081118700,23214
36081118900,38727
36081119100,24267
36081119300,33129
36081119500,31611
36081119900,33697
36081120100,27411
36081120300,26152
36081120500,25160
36081120701,34886
36081120702,N/A
36081121100,N/A
36081121500,34038
36081122300,46976
36081122702,19583
36081122703,28606
36081122704,30858
36081124100,42206
36081124700,40648
36081125700,27904
36081126500,41079
36081126700,17042
36081127700,68502
36081128300,N/A
36081129102,46043
36081129103,42527
36081129104,45630
36081130100,42573
36081133300,40141
36081133900,53078
36081134100,35075
36081134701,32791
36081134702,43431
36081136700,35335
36081137700,37894
36081138501,39760
36081138502,21644
36081139900,48744
36081140300,33716
36081140901,35781
36081140902,34098
36081141700,31127
36081142900,34215
36081143500,40823
36081144100,46009
36081144700,34634
36081145101,38738
36081145102,34422
36081145900,40898
36081146300,35264
36081146700,57822
36081147100,42736
36081147900,48863
36081148300,62981
36081150701,52020
36081150702,51551
36081152901,39219
36081152902,51584
36081155101,190168
36081155103,50392
36081155104,43616
36081156700,19980
36081157101,47004
36081157102,34574
36081157901,46060
36081157902,33307
36081157903,31745
36081161700,44253
36081162100,33608
36081990100,N/A
36085000300,52890
36085000600,29837
36085000700,31459
36085000800,32042
36085000900,46810
36085001100,41897
36085001700,34700
36085001800,28517
36085002001,43710
36085002002,51757
36085002100,35848
36085002700,10216
36085002900,19493
36085003300,44877
36085003600,38303
36085003900,43124
36085004001,25229
36085004002,36671
36085004003,12616
36085004004,28324
36085004700,36230
36085005000,37424
36085005901,48459
36085005902,N/A
36085006400,31814
36085006700,72355
36085007001,31561
36085007002,34373
36085007400,33372
36085007500,30955
36085007700,26946
36085008100,36076
36085009601,40693
36085009602,41763
36085009701,42282
36085009702,N/A
36085010500,41261
36085011201,36041
36085011203,31907
36085011204,34535
36085011401,30223
36085011402,37025
36085012100,58844
36085012200,44730
36085012500,38772
36085012804,39989
36085012805,45483
36085012806,29958
36085013201,44631
36085013203,42722
36085013204,40140
36085013301,15335
36085013302,21856
36085013400,33542
36085013800,52895
36085014100,33418
36085014604,44674
36085014605,46465
36085014606,40140
36085014607,48229
36085014608,43411
36085014700,54680
36085015100,38283
36085015400,N/A
36085015601,47975
36085015602,42114
36085015603,35467
36085016901,41384
36085017005,43860
36085017007,33405
36085017009,40176
36085017011,43649
36085017012,45139
36085017013,40235
36085017014,43856
36085017015,49868
36085017016,44611
36085017300,35260
36085017600,58650
36085017701,92736
36085017702,54354
36085018100,62784
36085018701,45105
36085018703,27459
36085018704,40632
36085018901,44135
36085018902,34458
36085019700,44283
36085019800,50962
36085020100,40696
36085020701,20782
36085020702,18776
36085020803,47002
36085020804,40942
36085020805,44898
36085020806,35088
36085021300,27528
36085022300,27969
36085022601,47323
36085022602,41504
36085022801,88530
36085022802,N/A
36085023100,24746
36085023900,26076
36085024401,49242
36085024402,49988
36085024700,28846
36085024800,44322
36085025100,70095
36085027301,43521
36085027302,35297
36085027702,41864
36085027704,35280
36085027705,40305
36085027706,35300
36085027900,54521
36085029102,42637
36085029104,37259
36085029105,44569
36085029106,42252
36085030301,45926
36085030302,32062
36085031901,21293
36085031902,30044
36085032300,60043
36085990100,N/A