Geography Name,Percent Units Built in 1939 or Before
GeoID_Name,pysb39b
36005000100,N/A
36005000200,26.03
36005000400,12.41
36005001600,6.58
36005001901,23.85
36005001902,78.03
36005001903,N/A
36005001904,N/A
36005002001,27.68
36005002002,44.97
36005002300,14.39
36005002400,N/A
36005002500,26.09
36005002701,7.06
36005002702,23.9
36005002800,9.59
36005003100,40.3
36005003300,13.98
36005003500,26.57
36005003700,31.01
36005003800,36.41
36005003900,38.06
36005004001,16.64
36005004100,23.63
36005004200,18.13
36005004300,14.11
36005004400,11.24
36005004600,14.67
36005004800,64.24
36005005001,55.65
36005005002,62.25
36005005100,13.54
36005005200,54.01
36005005300,0
36005005400,61.75
36005005600,55.4
36005005902,50.71
36005006000,61.43
36005006100,5.06
36005006200,15.21
36005006301,69.25
36005006302,N/A
36005006400,12.59
36005006500,5.91
36005006700,31.92
36005006800,16.11
36005006900,6.57
36005007000,46.33
36005007100,3.36
36005007200,51.79
36005007300,19.52
36005007400,4.78
36005007500,12.26
36005007600,48.02
36005007700,26.32
36005007800,35.29
36005007900,25.44
36005008300,31.44
36005008400,22.68
36005008500,41.01
36005008600,26.4
36005008700,35.96
36005008900,34.71
36005009000,14.35
36005009200,38.92
36005009301,40.9
36005009302,N/A
36005009600,27.5
36005009800,27.52
36005011000,N/A
36005011502,19.08
36005011701,16.03
36005011702,N/A
36005011800,32.15
36005011900,40.57
36005012101,38.89
36005012102,41.01
36005012300,9.19
36005012500,27.15
36005012701,52.56
36005012901,17.27
36005013000,33.95
36005013100,17.79
36005013200,21.15
36005013300,7.73
36005013500,24.74
36005013800,23.01
36005014100,7.96
36005014300,26.49
36005014400,14.04
36005014500,14.72
36005014701,6.97
36005014702,8.95
36005014900,38.28
36005015100,32.31
36005015200,27.45
36005015300,43.65
36005015500,30.89
36005015700,28.65
36005015800,11.32
36005015900,9.8
36005016000,24.12
36005016100,49.83
36005016200,49.38
36005016300,N/A
36005016400,55.63
36005016500,27.86
36005016600,27.22
36005016700,17.57
36005016900,15.38
36005017100,N/A
36005017300,38.77
36005017500,38.09
36005017701,41.72
36005017702,48.4
36005017901,50.6
36005017902,39.9
36005018101,41.82
36005018102,69.86
36005018301,41.75
36005018302,38.23
36005018400,44.3
36005018501,10.65
36005018502,24.88
36005018900,46.47
36005019300,43.27
36005019400,38.4
36005019500,38.6
36005019700,53.19
36005019900,44.72
36005020000,43.25
36005020100,41.55
36005020200,61.98
36005020400,52.48
36005020501,28.09
36005020502,34.45
36005020601,57.21
36005020900,40.86
36005021001,27.16
36005021002,34.15
36005021100,38.37
36005021200,27.79
36005021301,35.16
36005021302,23.53
36005021501,55.94
36005021502,49.25
36005021601,52.59
36005021602,44.16
36005021700,49.31
36005021800,52.76
36005021900,92.07
36005022000,47.05
36005022101,26.46
36005022102,55.22
36005022200,56.73
36005022300,48.89
36005022401,31.93
36005022403,53.31
36005022404,51.19
36005022500,52.07
36005022701,46.09
36005022702,48.75
36005022703,49.64
36005022800,34.2
36005022901,48.44
36005022902,48.63
36005023000,42.74
36005023100,57.23
36005023200,64.53
36005023301,76.17
36005023302,75.07
36005023501,64.88
36005023502,47.65
36005023600,56.93
36005023702,82.6
36005023703,50.45
36005023704,48.29
36005023800,67.26
36005023900,68.18
36005024000,56.54
36005024100,61.7
36005024300,46.96
36005024400,40.44
36005024501,65.78
36005024502,69.26
36005024600,25.61
36005024700,9.95
36005024800,18.37
36005024900,N/A
36005025000,34.61
36005025100,48.19
36005025200,46.22
36005025300,65.79
36005025400,40.79
36005025500,54.1
36005025600,59.72
36005025700,65.62
36005026100,3.4
36005026300,68.07
36005026400,58.88
36005026500,51.78
36005026601,30.11
36005026602,23.96
36005026701,73.3
36005026702,69.75
36005026900,36.69
36005027300,58.56
36005027401,29.99
36005027402,15.78
36005027600,60.87
36005027700,63.15
36005027900,31
36005028100,32.89
36005028300,12.52
36005028400,N/A
36005028500,28.64
36005028600,54.01
36005028700,50.89
36005028800,31.47
36005028900,38.7
36005029301,17.7
36005029302,7.94
36005029500,34.8
36005029600,11.96
36005029700,12.2
36005030000,35.24
36005030100,16.81
36005030201,2
36005030202,1.45
36005030701,5.47
36005030900,3.72
36005031000,14.33
36005031200,14.94
36005031400,17.99
36005031600,10.57
36005031800,14.48
36005031900,N/A
36005032300,12.64
36005032400,34.2
36005032600,30.38
36005032800,26.61
36005033000,30.77
36005033201,42.42
36005033202,26.69
36005033400,N/A
36005033500,59.77
36005033601,28.13
36005033602,5.22
36005033700,53.2
36005033801,48.34
36005033802,53.63
36005034000,54.07
36005034200,53.12
36005034300,33.22
36005034400,23.25
36005034500,28.16
36005034800,19.59
36005035000,18.63
36005035100,26.19
36005035600,38.48
36005035800,26.46
36005035900,16.86
36005036000,26.43
36005036100,18.65
36005036300,42.87
36005036400,46.67
36005036501,31.95
36005036502,51.95
36005036700,42.72
36005036800,45.41
36005036901,22.66
36005036902,24.44
36005037000,18.42
36005037100,22.01
36005037200,32.81
36005037300,34.59
36005037400,32.9
36005037504,29.34
36005037600,52.44
36005037800,34.6
36005037900,23.3
36005038000,33.52
36005038100,58.11
36005038200,28.57
36005038301,81.66
36005038303,44.73
36005038304,71.64
36005038500,57.38
36005038600,31.37
36005038700,74.56
36005038800,18.14
36005038900,69.17
36005039000,42.12
36005039100,67.32
36005039200,49.36
36005039300,55.43
36005039400,58.9
36005039500,25.9
36005039600,48.08
36005039700,59.5
36005039800,27.03
36005039901,81.09
36005039902,86.85
36005040100,54.75
36005040302,81.75
36005040303,63.12
36005040304,67.05
36005040400,17.17
36005040501,91.84
36005040502,71.69
36005040600,51.18
36005040701,59.2
36005040702,64.01
36005040800,52.21
36005040900,1.17
36005041100,51.52
36005041300,68.39
36005041400,61.66
36005041500,71.23
36005041800,57.75
36005041900,53.23
36005042000,62.54
36005042100,52.61
36005042200,31.18
36005042300,52.6
36005042400,35.67
36005042500,68.05
36005042600,36.97
36005042800,39.19
36005042901,53.48
36005042902,56.23
36005043000,40.58
36005043101,52.6
36005043102,55.53
36005043400,51.18
36005043501,9.52
36005043502,N/A
36005043503,N/A
36005043600,58.33
36005044200,41.15
36005044400,52.56
36005044800,16.98
36005044901,52.64
36005044902,42.37
36005045101,57.29
36005045102,40.11
36005045600,27.69
36005045800,12.96
36005046000,6.92
36005046203,1.29
36005046204,8.18
36005046205,6.04
36005046206,5.26
36005046207,2.56
36005046208,6.71
36005046209,15.63
36005048401,24.72
36005048402,N/A
36005050400,N/A
36005051601,57.14
36005051602,N/A
36047000100,41.63
36047000200,40.34
36047000301,82.17
36047000501,84.83
36047000502,57.95
36047000700,85.38
36047000900,43.91
36047001100,3.51
36047001300,0.38
36047001501,17.27
36047001502,15.34
36047001801,N/A
36047001802,N/A
36047001803,N/A
36047001804,N/A
36047002000,48.78
36047002100,36.47
36047002200,25.75
36047002300,10.37
36047002901,19.64
36047003000,75.88
36047003101,0.75
36047003102,N/A
36047003300,31.38
36047003400,62.15
36047003500,47.11
36047003600,52.41
36047003700,5.2
36047003800,38.44
36047003900,61.3
36047004100,66.43
36047004300,38.9
36047004400,73.38
36047004500,81.55
36047004600,88.27
36047004700,43.55
36047004900,81.07
36047005000,76.64
36047005100,50.63
36047005201,27.2
36047005202,42.62
36047005301,65.69
36047005302,72.73
36047005303,N/A
36047005400,55.43
36047005601,51.94
36047005602,31.98
36047005800,60.19
36047005900,66.62
36047006000,74.82
36047006200,64.21
36047006300,74.1
36047006400,81.66
36047006500,74.86
36047006600,55.42
36047006700,79.87
36047006800,60.94
36047006901,74.41
36047006902,50.39
36047007000,33.12
36047007100,44.45
36047007200,47.76
36047007400,69.69
36047007500,83.59
36047007600,54.88
36047007700,57.74
36047007800,38.79
36047008000,58.28
36047008200,56.66
36047008400,50.53
36047008500,27.44
36047008600,N/A
36047008800,60.63
36047009001,60.3
36047009002,72.13
36047009201,77.25
36047009202,59.75
36047009401,80.29
36047009402,81.35
36047009600,71.71
36047009800,73.89
36047010000,67.86
36047010100,58
36047010200,72.42
36047010401,73.7
36047010402,56.7
36047010601,37.6
36047010602,79.54
36047010801,85.01
36047010802,78.02
36047011000,48.21
36047011200,49.05
36047011400,67.57
36047011600,66.96
36047011700,59.68
36047011800,63.09
36047011901,54.1
36047011902,N/A
36047012000,66.86
36047012100,64.48
36047012200,59.26
36047012600,68.03
36047012700,28.81
36047012801,45.52
36047012901,63.67
36047012902,54.48
36047013000,56.07
36047013100,71.59
36047013200,75.67
36047013300,66.58
36047013400,73.43
36047013500,65.65
36047013600,85.74
36047013700,65.66
36047013800,73.07
36047013900,69.62
36047014000,83.71
36047014101,66.2
36047014102,44.79
36047014200,63.06
36047014300,58.04
36047014500,49.24
36047014700,50.15
36047014800,66.73
36047014901,65.88
36047014902,56.98
36047015000,62.32
36047015100,83.04
36047015200,39.03
36047015300,86.3
36047015400,N/A
36047015500,85.88
36047015700,86.9
36047015900,74.06
36047016000,66.42
36047016100,70.33
36047016200,46.3
36047016300,68.87
36047016400,16.67
36047016500,87.6
36047016600,67.17
36047016700,86.3
36047016800,1.82
36047016900,76.81
36047017000,47.36
36047017100,65.83
36047017200,64.28
36047017400,38.71
36047017500,N/A
36047017600,23.08
36047017700,N/A
36047017800,56.47
36047017900,18.36
36047018000,72.77
36047018100,86.77
36047018200,68.04
36047018300,74.67
36047018400,40.46
36047018501,27.95
36047018600,76.82
36047018700,69.04
36047018800,74.92
36047019000,55.14
36047019100,48.16
36047019200,44.05
36047019300,11.48
36047019400,51.26
36047019500,54.03
36047019600,50.22
36047019700,58.61
36047019800,71.31
36047019900,56.93
36047020000,77.6
36047020100,77.93
36047020200,56.06
36047020300,35.9
36047020400,62.62
36047020500,62.8
36047020600,85.97
36047020700,71.9
36047020800,73.68
36047021000,57.33
36047021100,40
36047021200,51.25
36047021300,68.12
36047021400,51.5
36047021500,65.92
36047021600,59.5
36047021700,61.02
36047021800,61.54
36047021900,65.54
36047022000,42.65
36047022100,68.75
36047022200,36.36
36047022400,41.25
36047022600,48.71
36047022700,53.24
36047022800,68.36
36047022900,65.16
36047023000,69.38
36047023100,63.55
36047023200,52.75
36047023300,27.05
36047023400,48.49
36047023500,37.79
36047023600,45.01
36047023800,49.6
36047024000,48.72
36047024100,39.15
36047024200,57.44
36047024300,60.39
36047024400,63.69
36047024500,73.6
36047024600,75.63
36047024700,56.58
36047024800,58.16
36047024900,80.19
36047025000,63.43
36047025100,35.73
36047025200,67.93
36047025300,43.19
36047025400,79.38
36047025500,3.49
36047025600,79.75
36047025700,34.15
36047025800,68.08
36047025901,44.53
36047025902,4.34
36047026000,78.37
36047026100,42.91
36047026200,73.26
36047026300,55.1
36047026400,78.94
36047026500,60.21
36047026600,58.1
36047026700,78.79
36047026800,77.61
36047026900,75.68
36047027000,66.18
36047027100,25.94
36047027200,64.85
36047027300,74.19
36047027400,60.54
36047027500,75.06
36047027600,65.97
36047027700,50.86
36047027800,46.47
36047027900,68.88
36047028000,36.69
36047028100,33.88
36047028200,35.7
36047028300,48.17
36047028400,63.95
36047028501,43.89
36047028502,5.66
36047028600,38.38
36047028700,44.53
36047028800,76.07
36047028900,51.81
36047029000,50.32
36047029100,59.7
36047029200,68.69
36047029300,59.55
36047029400,46.8
36047029500,87.25
36047029600,46.62
36047029700,83.9
36047029800,69.77
36047029900,55.74
36047030000,35.17
36047030100,71.89
36047030200,44.67
36047030300,47.2
36047030400,12.54
36047030500,50.75
36047030600,18.77
36047030700,42.29
36047030800,21.03
36047030900,33.41
36047031100,58.02
36047031300,72.53
36047031401,25.34
36047031402,N/A
36047031500,79.26
36047031701,75.76
36047031702,76.61
36047031900,63.58
36047032100,61.39
36047032300,74
36047032500,30.94
36047032600,18.96
36047032700,72.98
36047032800,14.37
36047032900,74.19
36047033000,10.75
36047033100,72.01
36047033300,60.79
36047033500,84.21
36047033600,51.5
36047033701,91.24
36047033702,82.16
36047033900,56.35
36047034000,1.71
36047034100,74.32
36047034200,9.18
36047034300,45.81
36047034500,81.59
36047034700,57.48
36047034800,44.06
36047034901,71.21
36047034902,80.96
36047035000,4.69
36047035101,71.23
36047035102,71.3
36047035200,9.89
36047035301,65.56
36047035302,73.47
36047035400,5.88
36047035500,79.2
36047035601,1.1
36047035602,7.73
36047035701,67.37
36047035702,N/A
36047035900,63.25
36047036001,47.49
36047036002,68.74
36047036100,47.22
36047036200,34.25
36047036300,42.31
36047036400,41.12
36047036501,33.28
36047036502,32.69
36047036600,26.94
36047036700,88.51
36047036900,68.01
36047037000,17.68
36047037100,47.1
36047037300,62.31
36047037401,25.29
36047037402,9.38
36047037500,67.7
36047037700,83.34
36047037900,59.61
36047038100,44.81
36047038200,5.18
36047038300,95.11
36047038500,66.57
36047038600,57.86
36047038700,67.21
36047038800,27.91
36047038900,31.89
36047039000,24.86
36047039100,12.23
36047039200,48.48
36047039300,44.39
36047039400,74.45
36047039500,63.9
36047039600,53.11
36047039700,73.46
36047039800,55.42
36047039900,67.95
36047040000,67.81
36047040100,46.05
36047040200,58.84
36047040300,42.21
36047040400,53.49
36047040500,46.65
36047040600,83.03
36047040700,N/A
36047040800,83.73
36047040900,71.13
36047041000,67.01
36047041100,63.67
36047041200,69.84
36047041300,56.64
36047041401,27.61
36047041402,63.13
36047041500,71.29
36047041600,63.77
36047041700,53.95
36047041800,69.03
36047041900,39.9
36047042000,73.44
36047042100,36.9
36047042200,58.7
36047042300,43.3
36047042400,68.25
36047042500,22.25
36047042600,83.48
36047042700,54.61
36047042800,69.87
36047042900,58.6
36047043000,58.81
36047043100,61.83
36047043200,54.33
36047043300,43.05
36047043400,57
36047043500,58.2
36047043600,65.97
36047043700,61.62
36047043800,42.06
36047043900,48.04
36047044000,49.84
36047044100,62.65
36047044200,43.28
36047044300,51.98
36047044400,41.68
36047044500,62.18
36047044600,41.63
36047044700,52.34
36047044800,22.1
36047044901,25.64
36047044902,N/A
36047045000,45.06
36047045200,29.49
36047045300,69.2
36047045400,76.02
36047045600,64.33
36047045800,20.74
36047046000,56.73
36047046201,29.64
36047046202,65.82
36047046400,60.12
36047046800,47.51
36047047000,40.55
36047047200,42.94
36047047400,61.76
36047047600,49.95
36047047700,37.55
36047047800,48.08
36047048000,49.96
36047048100,68.1
36047048200,46.38
36047048400,57.02
36047048500,49.67
36047048600,64.53
36047048800,31.09
36047048900,7.81
36047049000,32.6
36047049100,10.86
36047049200,33.33
36047049301,68.9
36047049302,46.1
36047049400,56.61
36047049500,52.44
36047049600,65.83
36047049700,49.7
36047049800,57.28
36047049900,40.15
36047050001,34.06
36047050002,55.54
36047050100,52.09
36047050202,52.46
36047050300,58.83
36047050401,40.24
36047050402,17.01
36047050500,43.62
36047050600,55.39
36047050700,13.92
36047050801,68.72
36047050803,77.76
36047050804,70.49
36047050900,12.4
36047051001,77.99
36047051002,76.47
36047051100,14.37
36047051200,74.83
36047051300,47.42
36047051400,53.84
36047051500,23.41
36047051601,70.34
36047051602,73.95
36047051700,30.21
36047051800,39.03
36047051900,26.06
36047052000,54.99
36047052300,49.83
36047052500,36.32
36047052600,40.6
36047052700,45.33
36047052800,73.73
36047052900,65.02
36047053000,64.48
36047053101,16.07
36047053102,10.06
36047053200,25.33
36047053300,78.7
36047053400,58.2
36047053500,66.06
36047053700,34.05
36047053800,54
36047053900,10.23
36047054200,33.75
36047054300,N/A
36047054400,41.94
36047054500,0.82
36047054600,35.91
36047054700,22.82
36047054800,71.41
36047054900,28.02
36047055000,54.33
36047055100,39.22
36047055200,40.18
36047055300,56.13
36047055400,45.47
36047055500,19.04
36047055600,36.88
36047055700,46.18
36047055800,67.82
36047056000,51.8
36047056100,74.08
36047056200,66.67
36047056301,50.95
36047056302,35.05
36047056400,52.52
36047056500,69.14
36047056600,41.12
36047056800,65.03
36047056900,71.32
36047057000,11.72
36047057100,60.06
36047057200,18.15
36047057300,72.73
36047057400,55.2
36047057500,58
36047057600,51.16
36047057800,45.32
36047057901,55.76
36047057902,N/A
36047058000,55.33
36047058200,60.88
36047058400,28.57
36047058600,35.99
36047058800,21.79
36047058901,81.62
36047058902,N/A
36047059000,32.91
36047059100,66.32
36047059200,46.12
36047059300,71.94
36047059402,17.62
36047059403,69.4
36047059404,44.71
36047059600,15.48
36047059800,14.7
36047060000,40.25
36047060600,12.55
36047060800,20.31
36047061002,5.82
36047061003,53.67
36047061004,57.98
36047061200,43.31
36047061600,29.12
36047062000,43.62
36047062200,14.89
36047062600,11.4
36047062800,68.51
36047063200,19.49
36047063600,74.56
36047063800,49.61
36047064000,69.17
36047064200,55.24
36047064400,65.13
36047064600,80.95
36047064800,70.08
36047065000,52.84
36047065200,55.02
36047065400,71.18
36047065600,65.15
36047065800,63.6
36047066000,61.46
36047066200,28.37
36047066600,N/A
36047067000,16.19
36047067200,40.11
36047067400,61.61
36047067600,31.51
36047067800,14.84
36047068000,53.56
36047068200,50.32
36047068600,16.64
36047068800,39.03
36047069000,37.21
36047069200,30.49
36047069601,6.51
36047069602,24.02
36047069800,46.81
36047070000,9.6
36047070201,6.95
36047070202,0
36047070203,N/A
36047070601,12.21
36047070602,N/A
36047072000,4.01
36047072200,7.87
36047072400,10.26
36047072600,48.71
36047072800,13.43
36047073000,43.32
36047073200,50.36
36047073400,50.16
36047073600,44.97
36047073800,62.33
36047074000,43.83
36047074200,76.76
36047074400,84
36047074600,47.12
36047074800,55.03
36047075000,76.14
36047075200,78.95
36047075400,80.04
36047075600,54.76
36047075800,42.94
36047076000,48.4
36047076200,49.82
36047076400,46.18
36047076600,45.49
36047076800,51.94
36047077000,67.9
36047077200,56.53
36047077400,60.58
36047077600,34.61
36047078000,65.16
36047078200,39.21
36047078400,66.71
36047078601,48.37
36047078602,26.33
36047078801,62
36047078802,46.29
36047079001,88.41
36047079002,68.43
36047079201,85.84
36047079202,73.39
36047079400,60.66
36047079601,70.57
36047079602,74.46
36047079801,89.14
36047079802,48.44
36047080000,84.69
36047080200,53.93
36047080400,69.63
36047080600,32.18
36047080800,0.43
36047081000,40.46
36047081400,63.74
36047081600,70.58
36047081800,51.1
36047082000,68.41
36047082200,74.73
36047082400,79.7
36047082600,62.57
36047082800,72.31
36047083000,44.37
36047083200,69.89
36047083400,42.23
36047083600,51.92
36047083800,60.63
36047084000,50.41
36047084600,48.02
36047084800,63.5
36047085000,57.23
36047085200,N/A
36047085400,53.47
36047085600,40.57
36047085800,53.18
36047086000,56.61
36047086200,70.73
36047086400,55.9
36047086600,56.49
36047086800,73.67
36047087000,53.42
36047087200,49.54
36047087401,34.45
36047087600,19.8
36047087800,52.62
36047088001,54.88
36047088002,46.7
36047088200,24.83
36047088400,46.81
36047088600,54.8
36047088800,74.6
36047089000,58.36
36047089200,51.84
36047089400,57.74
36047089600,40.59
36047089800,45.26
36047090000,38.34
36047090200,26.96
36047090600,10.7
36047090800,20.77
36047091000,19.28
36047091200,43.76
36047091600,25.85
36047091800,12.55
36047092000,11.97
36047092200,39.09
36047092400,19.66
36047092800,61.01
36047093000,66.15
36047093200,48.48
36047093400,63.19
36047093600,41.15
36047093800,46.27
36047094401,13.68
36047094402,8.22
36047094600,43.64
36047095000,34.22
36047095400,29.49
36047095600,48.56
36047095800,21.94
36047096000,N/A
36047096200,63.16
36047096400,45.14
36047096600,51.36
36047096800,61.23
36047097000,53.18
36047097400,40.03
36047098200,14.95
36047098400,11.39
36047098600,35.68
36047098800,31.33
36047099000,70.32
36047099200,44.02
36047099400,44.8
36047099600,26.91
36047099800,16.58
36047100400,33.96
36047100600,27.73
36047100800,47.59
36047101000,69.83
36047101200,38.14
36047101400,19.21
36047101600,8.18
36047101800,13.13
36047102000,21.56
36047102200,35.31
36047102400,41.11
36047102600,38.19
36047102801,27.43
36047102802,N/A
36047103401,6.37
36047103402,N/A
36047105801,3.46
36047105804,2.28
36047107001,1.81
36047107002,N/A
36047107003,N/A
36047107800,1.84
36047109800,50.43
36047110400,37.72
36047110600,8.47
36047111000,21.88
36047111600,27.61
36047111800,37.62
36047112000,69.36
36047112200,44.23
36047112400,53.53
36047112600,57.97
36047112800,59.27
36047113000,40.24
36047113200,26.6
36047113400,20.29
36047114201,76.05
36047114202,73.24
36047114400,47.88
36047114600,72.69
36047115000,43.74
36047115200,35.35
36047115600,17.37
36047115800,64.31
36047116000,21.82
36047116200,48
36047116400,49.84
36047116600,36.38
36047116800,60.66
36047117000,60.83
36047117201,76.69
36047117202,65.16
36047117400,68.16
36047117601,56.09
36047117602,59.31
36047117800,73.07
36047118000,N/A
36047118201,86.8
36047118202,86.52
36047118400,66.04
36047118600,60.4
36047118800,51.71
36047119000,44.95
36047119200,23.77
36047119400,49.37
36047119600,43.83
36047119800,74.73
36047120000,50.34
36047120200,50.59
36047120801,29.26
36047120802,2.92
36047120803,0
36047121000,7.97
36047121400,1.08
36047122000,15.15
36047123700,15.92
36047150200,67.82
36047152200,54.14
36047990100,N/A
36061000100,N/A
36061000201,29.11
36061000202,17.02
36061000500,100
36061000600,36.63
36061000700,59.42
36061000800,84.71
36061000900,48.8
36061001001,3.94
36061001002,7.17
36061001200,19.85
36061001300,71.31
36061001401,1.81
36061001402,54.8
36061001501,24.62
36061001502,33.54
36061001600,44.42
36061001800,73.08
36061002000,16.48
36061002100,29.7
36061002201,21.59
36061002202,29.51
36061002400,11.66
36061002500,17.84
36061002601,42.42
36061002602,63.12
36061002700,26.32
36061002800,29.15
36061002901,50
36061002902,70.04
36061003001,60.48
36061003002,58.59
36061003100,21.15
36061003200,55.58
36061003300,56.12
36061003400,55.01
36061003601,39.93
36061003602,49.85
36061003700,45.88
36061003800,75.84
36061003900,52.73
36061004001,81.3
36061004002,82.66
36061004100,79.95
36061004200,37.88
36061004300,64.57
36061004400,6.58
36061004500,83.72
36061004700,73.43
36061004800,39.07
36061004900,78.35
36061005000,34.66
36061005200,56.63
36061005400,27.28
36061005501,14.58
36061005502,67.28
36061005600,57.28
36061005700,25.65
36061005800,19.44
36061005900,36.93
36061006000,3.37
36061006100,67.81
36061006200,0.24
36061006300,64.2
36061006400,44.54
36061006500,75.19
36061006600,20.08
36061006700,69.79
36061006800,39.28
36061006900,57.73
36061007001,11.16
36061007002,29.15
36061007100,56.63
36061007200,27.49
36061007300,86.75
36061007400,45.14
36061007500,44.46
36061007600,56.11
36061007700,73.31
36061007800,21.43
36061007900,61.57
36061008000,47.58
36061008100,53.37
36061008200,24.91
36061008300,37.49
36061008400,33.9
36061008601,3.21
36061008602,N/A
36061008603,34.59
36061008700,54.95
36061008800,48.95
36061008900,66.6
36061009000,23.24
36061009100,46.98
36061009200,55.56
36061009300,56.63
36061009400,5.71
36061009500,46.87
36061009600,21.01
36061009700,22.14
36061009800,27.84
36061009901,12.5
36061009902,2.04
36061009903,0
36061010000,32.35
36061010100,2.09
36061010200,4.47
36061010300,22.66
36061010400,49.22
36061010601,28.78
36061010602,3.21
36061010801,25.4
36061010802,41.12
36061010803,29.34
36061010900,51.56
36061011000,21.57
36061011100,30.08
36061011201,30.08
36061011202,39.77
36061011203,17.07
36061011300,17.07
36061011401,56.9
36061011402,47.75
36061011500,15.46
36061011600,49.48
36061011700,2.12
36061011800,31.13
36061011900,77.71
36061012000,32.2
36061012101,33.74
36061012102,27.33
36061012200,56.22
36061012400,21.61
36061012500,11.95
36061012601,11.17
36061012602,28.12
36061012700,61.74
36061012800,33.78
36061012901,16.22
36061012902,56.14
36061013000,62.07
36061013100,30.46
36061013201,9.72
36061013202,37.88
36061013203,10.36
36061013300,32.01
36061013400,29.06
36061013501,9.04
36061013502,4.97
36061013601,4.1
36061013602,7.61
36061013603,18.49
36061013604,35.04
36061013700,40.31
36061013800,40.39
36061013900,45.29
36061014000,61.84
36061014200,57.9
36061014300,N/A
36061014401,35.37
36061014402,31.41
36061014500,3.29
36061014601,39.53
36061014602,32.39
36061014700,0.05
36061014801,29.84
36061014802,54.41
36061014900,26.77
36061015001,64.99
36061015002,59.86
36061015101,30.79
36061015102,0.79
36061015200,10.04
36061015301,72.06
36061015302,30.17
36061015401,34.24
36061015402,43.03
36061015403,3.73
36061015501,8.1
36061015502,1.74
36061015601,20.16
36061015602,11.5
36061015700,76.18
36061015801,62.6
36061015802,31.67
36061015900,58.22
36061016001,73.12
36061016002,79.34
36061016100,84.71
36061016200,1.56
36061016300,72.56
36061016400,11.23
36061016500,88.2
36061016600,31.99
36061016700,69.96
36061016800,26.84
36061016900,71.92
36061017000,17.31
36061017100,75.84
36061017200,19.6
36061017300,66.59
36061017401,14.45
36061017402,2.46
36061017500,78.1
36061017700,45.76
36061017800,53.91
36061017900,83.74
36061018000,14.55
36061018100,36.98
36061018200,13.39
36061018300,72.15
36061018400,5.9
36061018500,5.65
36061018600,29.52
36061018700,79.85
36061018800,31.4
36061018900,44.34
36061019000,16.21
36061019100,81.21
36061019200,11.81
36061019300,37.9
36061019400,20.17
36061019500,81.76
36061019600,8.84
36061019701,3.78
36061019702,50.88
36061019800,36.08
36061019900,85.8
36061020000,71.98
36061020101,84.49
36061020102,54.21
36061020300,89.56
36061020500,92.99
36061020600,31.38
36061020701,87.78
36061020800,60.09
36061020901,37.03
36061021000,8.69
36061021100,45.49
36061021200,4.57
36061021303,67.64
36061021400,2.17
36061021500,24.23
36061021600,54.11
36061021703,N/A
36061021800,47.17
36061021900,41.63
36061022000,67.66
36061022102,51.9
36061022200,42.26
36061022301,81.68
36061022302,9.98
36061022400,31.7
36061022500,73.6
36061022600,58.43
36061022700,75.34
36061022800,63.85
36061022900,75.85
36061023000,46.58
36061023100,66.48
36061023200,34.25
36061023300,78.81
36061023400,49.59
36061023501,78.36
36061023502,47.36
36061023600,21.71
36061023700,80.17
36061023802,6.36
36061023803,2.51
36061023804,0
36061023900,58.02
36061024000,N/A
36061024100,63
36061024200,9.16
36061024301,71.02
36061024302,18.07
36061024500,54.09
36061024700,70.46
36061024900,42.1
36061025100,62.46
36061025300,71.49
36061025500,71.08
36061025700,44.83
36061025900,22.98
36061026100,61.51
36061026300,58.07
36061026500,62.34
36061026700,41.51
36061026900,63.41
36061027100,71.93
36061027300,72.38
36061027500,59.55
36061027700,69.32
36061027900,50.88
36061028100,49.07
36061028300,33.65
36061028500,54.94
36061028700,70.05
36061029100,51.8
36061029300,53.63
36061029500,71.21
36061029700,N/A
36061029900,20.04
36061030300,73.88
36061030700,53.03
36061030900,38.53
36061031100,N/A
36061031703,0
36061031704,0.69
36061031900,N/A
36081000101,1.7
36081000102,2.2
36081000103,0
36081000104,N/A
36081000200,46.01
36081000400,72.66
36081000600,49.63
36081000701,41.5
36081000702,45.72
36081000800,73.92
36081001000,70.75
36081001200,75.41
36081001400,82.43
36081001600,82.65
36081001800,71.48
36081001901,30.97
36081001902,0.58
36081001903,7.18
36081002000,46.68
36081002200,67.51
36081002400,48.78
36081002500,29.04
36081002600,63.42
36081002800,61.81
36081003000,82.46
36081003100,54.7
36081003200,40.63
36081003301,10.6
36081003302,45.23
36081003400,79.25
36081003600,45.52
36081003700,N/A
36081003800,45.37
36081003900,35.35
36081004001,47.96
36081004002,25.54
36081004200,41.97
36081004300,5.29
36081004401,27.43
36081004500,6.7
36081004700,15.17
36081005000,N/A
36081005100,57.29
36081005200,34.73
36081005300,49.41
36081005400,61.31
36081005500,64.29
36081005700,53.57
36081005800,32.19
36081005900,52.17
36081006100,52.51
36081006201,10.29
36081006202,4.7
36081006300,61.7
36081006501,53.16
36081006502,40.75
36081006900,31.64
36081007100,58.77
36081007300,31.88
36081007500,34.71
36081007700,22.73
36081007900,47.66
36081008100,41.29
36081008300,40.19
36081008500,52.13
36081008600,52.94
36081008700,5.15
36081008800,46.4
36081009100,35.27
36081009400,60.84
36081009500,61.99
36081009600,69.94
36081009700,49.77
36081009800,65.52
36081009900,N/A
36081010000,68.34
36081010100,70.54
36081010200,59.14
36081010300,40.32
36081010400,44.4
36081010500,20.41
36081010600,73.5
36081010701,N/A
36081010800,67.61
36081011000,52.09
36081011100,45.64
36081011200,60.59
36081011300,60.77
36081011400,77.61
36081011500,55.21
36081011600,56.52
36081011700,55.63
36081011800,32.79
36081011900,54.35
36081012000,74.61
36081012100,46.67
36081012200,64.08
36081012301,49.28
36081012400,67.07
36081012500,63.55
36081012601,72.23
36081012602,64.87
36081012800,64.19
36081013000,55.65
36081013200,49.78
36081013400,31.84
36081013500,27.05
36081013600,31.15
36081013700,35.49
36081013800,38.86
36081014000,53.82
36081014100,50.78
36081014201,45.9
36081014202,53.15
36081014300,53.93
36081014400,34.84
36081014500,32.56
36081014700,48.41
36081014800,69.24
36081014900,68.34
36081015000,65.98
36081015100,43.02
36081015200,63.81
36081015300,39.82
36081015400,62.39
36081015500,49.29
36081015600,43.2
36081015700,64.41
36081015801,52.58
36081015802,72.82
36081015900,63.57
36081016100,47.8
36081016300,23.66
36081016400,52.75
36081016600,53.43
36081016800,51.83
36081016900,52.36
36081017000,32.98
36081017101,N/A
36081017102,N/A
36081017200,42.9
36081017400,58.49
36081017600,41.76
36081017800,47.68
36081017901,71.25
36081017902,N/A
36081018000,38.83
36081018101,59.29
36081018102,47.53
36081018200,31.98
36081018300,54.52
36081018401,19.69
36081018402,41.64
36081018501,43.6
36081018502,58.95
36081018600,43.41
36081018700,40.6
36081018800,18.24
36081018900,34.4
36081019000,46.96
36081019200,38.2
36081019400,26.59
36081019600,51.79
36081019800,36.24
36081019901,91.22
36081019902,N/A
36081019903,N/A
36081020200,59.05
36081020400,57.89
36081020500,43.91
36081020600,50.11
36081020800,60.71
36081021200,55.44
36081021400,15.04
36081021601,10.98
36081021602,24.25
36081021603,N/A
36081021900,N/A
36081022001,10.24
36081022002,8.28
36081022900,N/A
36081023000,48.15
36081023200,18.82
36081023501,61.35
36081023502,67.15
36081023600,36.9
36081023800,35.06
36081024000,13.34
36081024300,17.86
36081024500,12.41
36081024600,N/A
36081024700,39.87
36081024900,28.34
36081025100,25.78
36081025301,55.27
36081025302,40.23
36081025401,29.34
36081025402,26.49
36081025500,34.77
36081025700,32.41
36081025800,35.42
36081025900,21.87
36081026000,7.97
36081026100,68.59
36081026200,30.52
36081026300,22.63
36081026400,21.46
36081026501,28.46
36081026502,17.17
36081026600,28.13
36081026700,15.62
36081026901,16.82
36081026902,42.43
36081027000,47.73
36081027101,23.91
36081027102,45.44
36081027200,46.23
36081027301,38.12
36081027302,25.7
36081027400,46.35
36081027500,35.01
36081027600,30.64
36081027701,51.15
36081027702,19.29
36081027800,3.56
36081027900,36.74
36081028000,50.27
36081028100,52.22
36081028200,58.16
36081028300,45.39
36081028400,38.54
36081028500,73.5
36081028700,44.54
36081028801,47.69
36081028802,34.8
36081028803,N/A
36081028900,26.27
36081029100,21.8
36081029300,29.41
36081029400,14.2
36081029500,70.31
36081029700,17.29
36081029900,N/A
36081030600,19.7
36081030903,25.13
36081030904,4.51
36081030905,5.41
36081030906,3.47
36081031700,20.63
36081032000,21.41
36081032700,63.15
36081032800,35.44
36081032900,17.39
36081033000,38.06
36081033100,N/A
36081033401,9.17
36081033403,2.49
36081033404,8.11
36081033405,29.63
36081033700,40.6
36081033900,29.99
36081034700,23.73
36081035100,25.4
36081035200,32.75
36081035300,55.46
36081035700,18.4
36081035800,18.01
36081036100,46.58
36081036300,60.4
36081036500,59.59
36081036600,42.15
36081036700,64.47
36081036800,42.03
36081037100,66.57
36081037300,43.23
36081037501,22.35
36081037502,30.71
36081037600,32.15
36081037700,34.31
36081037900,20.38
36081038100,13.59
36081038301,N/A
36081038302,N/A
36081038400,28.51
36081039400,58.57
36081039800,49.61
36081039901,29.87
36081039902,23.74
36081040000,66.03
36081040101,35.11
36081040102,29.41
36081040200,47.02
36081040301,6.02
36081040302,14.89
36081040400,34.52
36081040501,8.05
36081040502,29.32
36081040701,45.07
36081040702,36.77
36081040901,20.41
36081040902,36.74
36081041100,27.44
36081041300,27.1
36081041400,32.43
36081041500,34.23
36081042400,42.04
36081042600,N/A
36081042700,33.33
36081043200,40.47
36081043400,37.5
36081043701,12
36081043702,6.54
36081043900,25.93
36081044000,35.18
36081044301,13.5
36081044302,16.79
36081044400,38.12
36081044601,8.76
36081044602,23.96
36081044800,41.47
36081045000,26.84
36081045200,58.76
36081045400,12.82
36081045500,5.79
36081045600,66.29
36081045700,21.32
36081045800,40.13
36081045900,28.94
36081046000,19.49
36081046100,20.52
36081046200,17.74
36081046300,24.23
36081046400,33.51
36081046500,35.29
36081046600,15.98
36081046700,15.6
36081046800,54.01
36081046901,10.86
36081046902,15.59
36081047000,52.72
36081047100,16
36081047200,13.36
36081047300,6.82
36081047500,11.09
36081047600,8.59
36081047801,18.61
36081047802,56.94
36081047900,14.43
36081048000,64.81
36081048100,21.3
36081048200,40.45
36081048301,10.69
36081048302,6.89
36081048400,62.9
36081048500,9.88
36081048900,10.9
36081049201,18.51
36081049202,24.44
36081049301,27.97
36081049302,33.58
36081049500,27.97
36081049600,65.4
36081049700,45.59
36081049900,18.72
36081050000,24.91
36081050201,47.84
36081050202,54.71
36081050400,60.66
36081050500,18.07
36081050600,56.91
36081050700,13.85
36081050800,42.05
36081051000,39.05
36081051100,52.1
36081051200,59.7
36081051300,34.57
36081051500,28.2
36081051600,54.07
36081051700,62.23
36081051800,31.11
36081052000,56.98
36081052100,70.62
36081052200,21.4
36081052400,67.64
36081052500,50.35
36081052600,54.11
36081052800,49.91
36081053000,33.9
36081053100,54.43
36081053200,28.08
36081053401,35.34
36081053501,78.62
36081053502,N/A
36081053601,41.84
36081053800,66.74
36081053901,47.54
36081053902,0
36081054000,55.29
36081054200,69.82
36081054500,65.02
36081054700,47.22
36081054800,50.82
36081054900,56.32
36081055100,66.65
36081055200,18.83
36081055300,68.86
36081055400,35.19
36081055500,44.68
36081055600,61.96
36081055700,71.63
36081055800,57.4
36081055900,32.03
36081056000,59.88
36081056100,N/A
36081056200,54.13
36081056400,51.37
36081056500,21.58
36081056600,30.04
36081056700,66.44
36081056800,64.09
36081057700,61.57
36081057900,59.06
36081058000,37.72
36081058100,63.59
36081058200,38.56
36081058300,71.41
36081058500,74.46
36081058700,60.71
36081058900,69.94
36081059000,59.61
36081059100,57.01
36081059200,10
36081059300,53.37
36081059400,8.16
36081059501,42.91
36081059502,49.13
36081059600,29.7
36081059800,34.4
36081059900,70.6
36081060000,45.71
36081060100,66.26
36081060300,34.66
36081060600,7.71
36081060701,0
36081060800,28.66
36081061000,13.44
36081061200,11.17
36081061301,60.94
36081061302,N/A
36081061400,7.13
36081061601,1
36081061602,18.06
36081061800,5.51
36081061900,49.25
36081062000,46.36
36081062100,44.9
36081062200,25.82
36081062300,51.55
36081062400,N/A
36081062500,66.74
36081062600,34.25
36081062700,74.73
36081062900,59.86
36081063000,42.83
36081063200,40.7
36081063301,65.57
36081063302,50.32
36081063500,70.83
36081063700,52.06
36081063800,24.06
36081063900,42.46
36081064101,3.6
36081064102,N/A
36081064500,58.89
36081064600,40.12
36081065000,46.16
36081065401,40.44
36081065402,N/A
36081065501,N/A
36081065600,4.54
36081065702,25.93
36081065703,45.93
36081065900,38.58
36081066000,9.95
36081066100,2.95
36081066301,45.21
36081066302,N/A
36081066401,9.6
36081066402,17.06
36081066403,1.23
36081066404,N/A
36081066501,9.89
36081066701,38.72
36081066900,17.82
36081067100,40.45
36081067700,68.62
36081067900,25.15
36081068000,27.51
36081068200,11.11
36081068300,4.82
36081068700,33.84
36081069000,7.4
36081069300,27.31
36081069400,27.49
36081069500,44.42
36081069701,13.57
36081069702,37.89
36081070300,42.13
36081070700,46.37
36081070900,33.79
36081071100,28.51
36081071303,19.06
36081071304,15.57
36081071305,3.04
36081071306,16.87
36081071600,N/A
36081071701,5.32
36081071702,6.41
36081071900,17.07
36081072100,6.38
36081072300,73.82
36081072900,80.74
36081073100,75.42
36081073700,63.77
36081073900,23.16
36081074100,21.62
36081074300,14.04
36081074500,4.65
36081074700,5.24
36081074900,87.21
36081075701,16.49
36081075702,19.93
36081076901,54.03
36081076902,57.59
36081077300,65.39
36081077500,60.57
36081077902,11.08
36081077903,17.63
36081077904,14.21
36081077905,4.61
36081077906,3.24
36081077907,8.27
36081077908,10.35
36081078800,6.14
36081079000,28.32
36081079200,25.82
36081079300,N/A
36081079701,3.3
36081079702,26.26
36081079900,28.43
36081080301,29.41
36081080302,3.16
36081080900,4.51
36081081400,51.5
36081081800,19.6
36081083700,23.03
36081083800,34.26
36081084000,36.89
36081084500,9.56
36081084601,8.85
36081084602,13.89
36081084901,36.61
36081084902,24.56
36081085300,15.07
36081085500,17.94
36081085700,24.36
36081085900,20.25
36081086100,21.29
36081086300,3.53
36081086400,54.12
36081086500,18.9
36081086900,17.08
36081087100,12.06
36081088400,27.9
36081088902,11.24
36081088903,4.03
36081089201,12.58
36081089202,N/A
36081090700,19.89
36081091602,N/A
36081091603,15.44
36081091604,N/A
36081091800,N/A
36081091900,27.41
36081092200,39.55
36081092500,56.35
36081092800,70.84
36081092900,41.03
36081093401,30.84
36081093402,40.31
36081093800,16.12
36081093900,18.39
36081094201,9.4
36081094202,6.92
36081094203,12.57
36081094500,14.53
36081094700,46.91
36081095400,24.59
36081096400,4.76
36081097202,6.06
36081097204,10.53
36081097205,1.6
36081097206,0
36081097207,N/A
36081097300,15.81
36081098100,29.46
36081098700,18.97
36081099100,19.75
36081099200,9.24
36081099701,6.29
36081099703,2.1
36081099704,1.83
36081099705,4.84
36081099801,19.67
36081099802,9.35
36081099900,N/A
36081100801,32.11
36081100803,4.83
36081100804,3.12
36081101002,11.09
36081101003,40.15
36081101004,18.81
36081101700,4.43
36081102900,5.93
36081103201,15.32
36081103202,29.76
36081103300,16.52
36081103900,36.76
36081104700,15.26
36081105900,10.78
36081107201,59.1
36081107202,N/A
36081108500,25.11
36081109300,17.54
36081109700,42.57
36081109900,48.5
36081111300,36.65
36081112300,25.52
36081112900,18.82
36081113300,21.35
36081113900,17.99
36081114100,58.93
36081114700,64.33
36081115100,69.2
36081115500,51.44
36081115700,16.85
36081115900,34.4
36081116100,10.46
36081116301,14.68
36081116302,11.57
36081116700,23.65
36081117100,41.03
36081117500,48.82
36081118100,24.08
36081118500,41.32
36081118700,26.98
36081118900,50.39
36081119100,29.34
36081119300,56.82
36081119500,52.29
36081119900,57.25
36081120100,57.65
36081120300,60.55
36081120500,30.41
36081120701,22.16
36081120702,N/A
36081121100,N/A
36081121500,29.66
36081122300,19.26
36081122702,7.23
36081122703,14.4
36081122704,3.32
36081124100,13.92
36081124700,11.15
36081125700,22.59
36081126500,27.43
36081126700,34.56
36081127700,35.42
36081128300,N/A
36081129102,5.91
36081129103,0.75
36081129104,8.43
36081130100,17.9
36081133300,13.47
36081133900,40.49
36081134100,9.95
36081134701,1.97
36081134702,7.41
36081136700,1.65
36081137700,2.5
36081138501,8.28
36081138502,N/A
36081139900,43.97
36081140300,6.53
36081140901,0.98
36081140902,8
36081141700,6.51
36081142900,35.63
36081143500,37.18
36081144100,20.26
36081144700,14.39
36081145101,20.15
36081145102,24.79
36081145900,44.11
36081146300,45.2
36081146700,8.91
36081147100,19.53
36081147900,28.51
36081148300,43.49
36081150701,29.99
36081150702,21.48
36081152901,3.79
36081152902,2.68
36081155101,2.42
36081155103,2.36
36081155104,4.84
36081156700,0
36081157101,2.97
36081157102,20.36
36081157901,1.02
36081157902,4.23
36081157903,17.32
36081161700,41.97
36081162100,32.83
36081990100,N/A
36085000300,42.4
36085000600,19.46
36085000700,38.72
36085000800,22.5
36085000900,48.71
36085001100,49.42
36085001700,61.54
36085001800,10
36085002001,11.96
36085002002,13.78
36085002100,36.99
36085002700,60.31
36085002900,35.13
36085003300,37.13
36085003600,23.66
36085003900,8.4
36085004001,15.82
36085004002,5.5
36085004003,23.27
36085004004,14.63
36085004700,23.79
36085005000,14.15
36085005901,37.58
36085005902,N/A
36085006400,7.54
36085006700,68.74
36085007001,19.77
36085007002,10.35
36085007400,11.75
36085007500,57.43
36085007700,42.5
36085008100,50.5
36085009601,11.84
36085009602,28.45
36085009701,40.72
36085009702,N/A
36085010500,47.6
36085011201,5.32
36085011203,20.62
36085011204,43.94
36085011401,9.03
36085011402,6.7
36085012100,49.53
36085012200,42.31
36085012500,59.23
36085012804,20.78
36085012805,2.04
36085012806,6.29
36085013201,12.18
36085013203,11.32
36085013204,11.02
36085013301,7.83
36085013302,31.27
36085013400,13.75
36085013800,21.01
36085014100,34.62
36085014604,14.74
36085014605,5.13
36085014606,2.63
36085014607,4.46
36085014608,3.03
36085014700,31.84
36085015100,24.81
36085015400,N/A
36085015601,17.06
36085015602,6.85
36085015603,8.06
36085016901,23.72
36085017005,7.06
36085017007,1.97
36085017009,7.7
36085017011,8.57
36085017012,5.01
36085017013,1.02
36085017014,3.09
36085017015,0
36085017016,3.04
36085017300,12.99
36085017600,7.31
36085017701,5.03
36085017702,8.97
36085018100,23.97
36085018701,51.27
36085018703,5.72
36085018704,2.57
36085018901,8.08
36085018902,1.82
36085019700,63.29
36085019800,13.28
36085020100,41.03
36085020701,68.67
36085020702,44.43
36085020803,2.41
36085020804,3.28
36085020805,3.32
36085020806,3.84
36085021300,63.03
36085022300,65.44
36085022601,4.04
36085022602,19.15
36085022801,N/A
36085022802,N/A
36085023100,16.66
36085023900,32.59
36085024401,12.52
36085024402,1.26
36085024700,28.04
36085024800,44.21
36085025100,7.56
36085027301,0.91
36085027302,3.34
36085027702,0.37
36085027704,5.16
36085027705,1.54
36085027706,0.75
36085027900,25.7
36085029102,20.61
36085029104,0.46
36085029105,2.2
36085029106,8.52
36085030301,6.05
36085030302,2.14
36085031901,36.91
36085031902,22.69
36085032300,2.35
36085990100,N/A